<?xml version="1.0" encoding="UTF-8"?>

<mule xmlns:ee="http://www.mulesoft.org/schema/mule/ee/core" xmlns:http="http://www.mulesoft.org/schema/mule/http"
	xmlns="http://www.mulesoft.org/schema/mule/core"
	xmlns:doc="http://www.mulesoft.org/schema/mule/documentation" xmlns:xsi="http://www.w3.org/2001/XMLSchema-instance" xsi:schemaLocation="http://www.mulesoft.org/schema/mule/core http://www.mulesoft.org/schema/mule/core/current/mule.xsd
http://www.mulesoft.org/schema/mule/http http://www.mulesoft.org/schema/mule/http/current/mule-http.xsd
http://www.mulesoft.org/schema/mule/ee/core http://www.mulesoft.org/schema/mule/ee/core/current/mule-ee.xsd">
	<http:listener-config name="HTTP_Listener_config" doc:name="HTTP Listener config" doc:id="58c3d907-490e-4262-ac84-049b419fdc14" >
		<http:listener-connection host="0.0.0.0" port="8081" />
	</http:listener-config>
	<flow name="helloFlow" doc:id="374aff30-3a6f-4d0d-bdad-341683ccf957" >
		<http:listener doc:name="Listener" doc:id="ec77b290-0b76-47e3-8424-8d6da31ae340" config-ref="HTTP_Listener_config" path="/hello"/>
		<set-payload value="Hello World" doc:name="Set Payload" doc:id="6f0ecbc8-9a6f-4788-be92-b3b5587d44e4" />
		<logger level="INFO" doc:name="Logger" doc:id="4a4855a3-176f-4ec8-ab0c-3d82bd1df46a" message="#[payload]"/>
	</flow>
</mule>
